FileID,Label
1_test.csv,1
10_test.csv,1
100_test.csv,1
101_test.csv,0
103_test.csv,1
105_test.csv,1
106_test.csv,1
110_test.csv,1
111_test.csv,0
112_test.csv,0
113_test.csv,1
114_test.csv,1
115_test.csv,0
117_test.csv,1
12_test.csv,0
120_test.csv,0
121_test.csv,1
122_test.csv,1
126_test.csv,1
127_test.csv,1
128_test.csv,0
130_test.csv,1
131_test.csv,1
132_test.csv,1
133_test.csv,1
135_test.csv,1
137_test.csv,1
138_test.csv,0
14_test.csv,1
144_test.csv,1
145_test.csv,0
146_test.csv,1
148_test.csv,1
149_test.csv,1
15_test.csv,1
153_test.csv,1
155_test.csv,1
156_test.csv,1
158_test.csv,1
160_test.csv,1
161_test.csv,1
162_test.csv,1
163_test.csv,1
165_test.csv,1
166_test.csv,0
167_test.csv,1
168_test.csv,1
169_test.csv,1
170_test.csv,1
171_test.csv,1
179_test.csv,1
18_test.csv,1
180_test.csv,1
181_test.csv,1
184_test.csv,0
185_test.csv,1
186_test.csv,0
187_test.csv,1
188_test.csv,1
189_test.csv,1
191_test.csv,1
192_test.csv,1
193_test.csv,1
197_test.csv,1
198_test.csv,1
2_test.csv,1
21_test.csv,0
23_test.csv,1
24_test.csv,1
27_test.csv,1
28_test.csv,1
3_test.csv,1
30_test.csv,1
33_test.csv,1
36_test.csv,1
37_test.csv,1
38_test.csv,1
4_test.csv,1
40_test.csv,1
43_test.csv,1
45_test.csv,0
49_test.csv,1
53_test.csv,1
54_test.csv,1
55_test.csv,1
57_test.csv,1
61_test.csv,1
62_test.csv,1
64_test.csv,1
68_test.csv,1
69_test.csv,1
7_test.csv,1
70_test.csv,1
71_test.csv,1
73_test.csv,1
74_test.csv,1
77_test.csv,1
78_test.csv,1
8_test.csv,1
83_test.csv,1
86_test.csv,1
87_test.csv,1
88_test.csv,1
91_test.csv,1
92_test.csv,1
93_test.csv,1
94_test.csv,1
96_test.csv,1
97_test.csv,1
98_test.csv,1
99_test.csv,0
